text,sentiment
lunes nanaman bukas,0
q tapusin wednesday,0
super delay tbw list,0
tsngina pagod magpaypay,0
pagoda accla hours tulog gising lecture practice sayaw pm nakauwi tanginaaaa emz ahhahaahha,0
letra p putangina pagod,0
nakalimutan coffee essay tinapos jsxnsijshdiwnd okay magbigay essay reguirements napapabayaan coffee addiction,0
hard keep gawa lately pls eme,0
nakakapagod buhat mabigat bag,0
time enhypen aus mafifinish au matuloy,0
sobrang busy aaral,0
kayang umakyat baba lrt,0
pagod hehe,0
think haha uphsd baka itigil natin tong f f,0
grabe sobrang time enha,0
sagabal aaral kabadingan,0
haupppp yoko n basta mapasa ej nakaka dissatisfy tinatamad tlaga e pls ulit days,0
finance napakaraming terminologies piling napakaraming hakbang tas prac peh napakaaga matutulog nlng aq vacant,0
pagod aral,0
kapoyag study uy,0
fuck sisimula,0
miss kdrama series emz hahahahah ala kase time manood,0
hi guys kinakantot katamaran,0
taenang schedule,0
first full f f classes pagod pagod emz,0
hirap pumasok wtf schooldisband nakakainisnapumasok,0
kaming time stan twt,0
ituloy th malapit sumuko ngayong rd sobs,0
sobra,0
pagpapahingahin gago seryoso,0
tngina beh twice month em nagkaka sakit,0
bwiset university ipasira,0
tangina nd makapag esbi esbi,0
pagod pumasok,0
pagod n magcommute,0
gago umuwi bebe q bc rph gheoqqf j,0
hays first second quarter pagod,0
pagod humiga,0
nakalimutan ata twt,0
akala nakakatuwa ha wearenotrobots v w iye,0
fleece bobo math joke real,0
gago ante nakakahiya inaksep fb ayoko magkita skul,0
gutom,0
paanong quality aktibistang estudyante nagpapauso pagodnakami duterte classes sigaw marcos classes humihingi better education ayaw magsipasok nqet yqlc,0
gets calculus,0
sobrang lutang fleece eme,0
pagod rn like ughh tas bukas wla makakalimutan nanaman sya needhelp imtired huhubels,0
gi kapoy nako,0
pagod n aq magreview,0
ngang scores exam nasa acceptance stage nako,0
nakakatamad review,0
nakakapagod maglakad,0
oras tulog,0
tangina monday,0
hays grabe,0
sakit,0
videoke makakanta pagod exam kanina hays,0
pagod math,0
inang acads pinapalayo laloves ren em nakakapagbasa nang au busy gawa nang peta,0
pagod nako,0
lagi sumasakit pagod ayawkonamagcollege,0
subj yun ngayong araw pagod q hirap sumakay jeep pauwi,0
pagod commute huhu,0
isipin ah okay pspuba subject take midterm long quiz magaganap monday maawa hirap nang gawain sobra,0
mean tell stressing brains ugly crying full blown rushed project due sunday thought due today saya days aligaga kase nagagawa layo deadline,0
napapabayaan straykids,0
updated ganaaaaap emz,0
hehe nambabagsak daw prof,0
nang pumapasok isip,0
pls shutang chem padin backlogs midterm exam,0
ayoko,0
chem quiz bio quiz physics quiz cpar midterms help,0
hahahahahahahahahaha ayoko aral eme,0
sleep deprived almost month ever since mom got work emz haha,0
punyeta,0
nagbibitbit bag anignatup,0
late oc digitalart putangina originalcharacters twc tlryhd,0
napapabayaan txt,0
blue stop torture pls awa sunodsunod pinapagawa tas next exam kala sembreak,0
nakakaiyak mapua,0
bolshet pagod,0
g give printer,0
miss writing nakakasagabal aaral panglalaki kabaklaan,0
ayoko otu rhtenc,0
pagod huhu,0
tangina pagod,0
im tired,0
mental breakdowns burnouts say experience mental health webinars enough behalf demanding one asap,0
sleep pasok huhu,0
miss q ateez time yon huhu,0
nagkita ulit stressful weeks natin huhu see ulit finals charot collegelife nomoreexamspls bebetimeonly svi ythok,0
q busy acads q nakakapag focus txt sabagal acads,0
kase nagbibigay limang quizzes araw kawawa nmn ung teacher nagpareserve maaga yon minove nya tuloy monday e exam namen yon omaysguausjauajsjajfoaioajajdoajauah,0
nakakapag bebe time gt,0
joke pagod awa,0
tired,0
pagod jk jk,0
wag kausapin putangina speed,0
ohmygad miss ateez kingina busy acads n time koreano q,0
miss q tumambay lt lt,0
ebarg daming,0
tinatamad q aral,0
tangina utang loob perpetual bi,0
tanginang midterms,0
nakakapagod first emeeee,0
mauubos yong concealer eyebags bosit andaming pinapagawa wearenotrobots,0
jimin bukas andaming quizzes,0
ayoko business research,0
nainform iprepresent kaming ppt bukas bosit,0
umiiyak legal aspect foreign language,0
bwiset,0
pagod siyang nakangiti kausap katabi,0
kay gikapoy nako,0
argh longer,0
pagod please,0
luh exam,0
pagod,0
fucking fuck mentalhealthmatters ayawkonamabuhay iwannakms putangina,0
life update tinatablan skincare believe,0
ayoko,0
tulog q,0
hello ayoko magftf nahuhuli balita pls eme,0
pagod,0
ayoko aral ue ue ue,0
nd pagod ems,0
pagod estudyante,0
pagod,0
inang teacher pinagawa kumpleto aq tas babalik ung gawain kang binalik sakin tas ulitin nabalik tanga nabalik sakin,0
first stress,0
uli ayoko,0
hahahahahahahahaha gagi nakakabaliw acads omygod,0
tired waking every,0
wahahahahha good morning nagsisimula kalbaryo msu,0
even watch livestream haha xd,0
dikamirobot,0
prare genmath ikakamatay crazyshit,0
pahirapan sumakay papasok taragis,0
mamamatay nanamn bukas daming quizzzz,0
grabe masyadong time asawa eexist paki cancelled,0
napapabayaan enhypen,0
nako active enhypen,0
sugat sugat kamay,0
bumitaw,0
nakakatuwa tong f f exams,0
nakakapagod,0
nakong time enhypen,0
kainis mapanood love suckers cheer kaaaral,0
groupings nanaman tangina nakong time enhypen,0
nakakatamad pumasok,0
kapagod aral,0
pagod pagod,0
umuwing pogi kagabi natulog klase bukas hayss nakaka abala aaral,0
makapag stream pota pasok gabi,0
time kay mark lee malala,0
stressed aq jpganh vm,0
araw pagod,0
works getting way dream k qggu k,0
amaccana acads nakakasira ulo,0
grabe midterms madaan dasal aral,0
time kpop,0
huehueheuehuehehehehehdudhshsus bwiset dami pang stream mv seulgi gaie xwvku,0
fuck cb bukas kakapag focus streaming andaming works huhuhuhu helloeverywhere treasure thesecondstep chaptertwo,0
pagod,0
omsim preee badtrip ganyan,0
hello b kidding hi everyone back hahahahahaha ia classes ftf good idea hahahahaha napapabayaan svt,0
pakisuspend pasok bukas please rispgbgjul dplgou wq,0
enough month f f gets ok yun hahahaha,0
baka ikamatay jusko xvadzxlb,0
fuck nako updated bts,0
sakit buong katawan monday gtdhhztmpz,0
sir tao napapagod dy bph em,0
wearenotarobot,0
nanghina midterm,0
pucha start ata concert enhypen nasa,0
tangina klase ulit next,0
updated baby,0
bitch wanna live,0
napapabayaan stan twitter,0
nasasagutan number math potngena ayaw stop pls,0
kapoya uy,0
bosit mapapanood concert tmr haha,0
sobrang sama loob guys putangina sagabal buhay beh,0
nawawalan time nct dream please,0
sobrang busy natutuunan pansin koreano,0
hehe pagod,0
napapa bayaan seungcheol,0
ayoko naaa tnu wydoh,0
daming gawain,0
time anime,0
pagod,0
kakatapos gumasa activities huhuhu taena,0
going teachers tell ayaw mahirapan magbibigay maraming activities tao robots,0
wait sleep without thinking unfinish activities hahaha hahaha,0
aa monthly test labasan grades st quarter ayoko naaaaaa n pbkl lpw,0
sobrang busy nakalimutan flight babies charot bwhshchxhduchdgaysjshdh ru km bfg,0
girl cant anymore,0
pagod,0
ayoko,0
us q kz log hehshhsshza,0
pls miss kpop world,0
secret beh hhahahahahahhaa beh kaaa hala kilala moots huhu kasalanan aaral,0
october next sakto pagod,0
hala auq nakong nabe behind,0
dalwang araw nakapasok sakit uwi kaklase tinambakan assignment mapapa hashtag,0
pinabillboard de beh pasok con haha kita sched magiging sagabal pagkkpop tex sxy c,0
taena first pagod buwan taena pagodnako,0
ata andaming pinapagawa nagpprocrastinate help,0
grabe time kdramas,0
naabutan live jungwon gago jgh putek,0
ampanget sched q whole pasok pm auq,0
literally first exam whole tangina drain drain,0
sabog sabog gid ya akon grupo shota,0
lutang aq buong klase aq naintindihan,0
sagabal time pagbabasa,0
true hays,0
kaka gawa plates tinapalan salonpas,0
binebreak tama,0
nakakapag focus stan acc fortunas qvxa ndpnd,0
haha pagod aq niwala update kpop nawala isip album xiumin thpkflrd,0
thangina pagod nako,0
nakakapagfocus kay hajiro,0
nakakapagfocus kay lie,0
ayoko magaral,0
enlistment subjects pagod pls,0
ganito kaganda classmates wag drop fmr kh jc,0
ayoko napo akala pinasukan impyerno emz zm kruyec tkeky,0
tangina deadline pm dont understand shit,0
nakakahiya pahinga buong kaharap palagi papel,0
puro aaral inaatupag napapabayaan,0
tangina,0
nagiging active updated bebeloves koreano,0
nawawalan aq time koreano pakitigil klase,0
kawawa taga th floor sakit katawan pati ulo sakitin era,0
weekend,0
tangina hirap experimental psychology magpahinga,0
miss q magscroll twt updated seventeen makipaghalubilo carat circle hay putanginang f f,0
nasakit ulo mata reaction paper,0
k keri beh,0
lala ftf mhx bst,0
sis napapabayaan blackpink,0
pagod pakshet,0
late haha,0
pagod magbitbit bag,0
napapabayaan kaka kpop aaral hays,0
pagod char,0
time kpop kpop plq hezqlg,0
stress hahahhahahahahahahahah,0
grabe kana c dko kinakaya,0
almost forgot nako nakaka focus enhypen,0
kasalanan ftf updated bebe boys,0
dumadalas tong migraine ah siguro tambak quizzes,0
time breakdown dami activities pinapagawa,0
nakakapanibago quiz nang face face suspendclassesnow,0
sobrang daming pinapagawa huhu,0
nagpapahiwatig nanaman sir quiz,0
tangina napapabayaan q kpop manhwa anime novels tas bl boys q hays sobra quit pagod,0
breakdown keri jixvwknj,0
tangina fleece,0
pagod,0
dko kinakaya aral,0
pwede gumamit kailan magkakaroon meeting activity ibibigay,0
pagod magkulot,0
naglalaro roblox nago overthink gawain haha gago mentalhealthawareness,0
booo deped ched umayos,0
ayaw,0
charot pagod pang taon fleezcee,0
sinaksak,0
haba tulog pagod pagod ak,0
napapabayaan brightwin,0
makafocus sebongs,0
nasusuka reason hahhahah,0
makausap ayos,0
sgshabajanbs pwede wag aral chos,0
keep properly pls,0
kamatyonon q,0
pagod makipag plastikan,0
kapoy skwela chariiiz mej,0
aah hinay hinay mahina kalaban ha,0
tinatamad aral,0
naiiyak ems,0
els quiz fil quiz marcos research paper ung lit peta ung research peta,0
karapatan magpahinga sunod sunod binibigyan activites assignment practicum reporting one next exam bro,0
ajakwjwjsjjsjs still cough cold rkafhtifue,0
pang ootd,0
ayoko wiley,0
pls matulog buong hours,0
quizes assignments readings petas jusqdai idagdag q gets lesson think iyakan,0
tama itigil natin,0
makapagcodm daming activitiesss,0
grabe nagagwa sakin ftof mhie ayoko anw nakakapag socmed proud,0
plz,0
hotdog,0
nang bumitaw,0
official pinapasukang klase opo,0
friends sick today ahuh guess month f f finally showing effect colds fatigue winning us,0
ayaw aral,0
ayoko,0
em nagagawa assignments q narereview philo nagsulat em notes tas monday bukas cloutchasingnomore,0
tayong time asawa natin,0
nkalimutan q manood concert enha works,0
tignan buhay maayos pati sched shuta tigilan natin,0
pagod,0
akala makakapagpahinga fiesta nagkakamali ayawkona kasalanantonipbbm,0
pagod gumising,0
tru dyan ihinto yang,0
andami q due bukas ses,0
stress ulit acads wahaja dati puro twice pics nasa gallery puro pics board,0
daming work,0
eme practice haha pagod putabgina,0
shuta last last ep viceversa ep omg napapabayaan bl series kakaaral j,0
sobrang focused aaral napapabayaan oo koreano,0
tangina naeenjoy weekend time,0
tanginang burn emz tangina umalis bansang toh hirap much,0
bukas tambak kanina umaga gumagawa chz,0
sched mon sat pm pm ill reqs sunday weekday midnights im gonna cry time younite,0
nakong time koryano,0
pagod fkuzitluok,0
said weekends rest struggling j,0
tired ayokonasalayfko,0
boring eme,0
sumali gdm links tas meetings fak acads,0
haha makanood enha,0
hajaahahahahahahajhahhahahahahahhab ayaw,0
napapabayaan koreano chz,0
sira academicmentalhealth,0
pagod nako baka hahahqhqh,0
yokooo naaaa,0
nangungulila bebe,0
happy first sem grabe kapagod,0
nakakapagfocus enha,0
tanginang schedule gulo,0
makahabol contents twice,0
haha gagu cge focus acads haha j jorce ezkk,0
kase thzyzkkn,0
pigang piga utak,0
kapagod aral wearenotrobot,0
time magupdate au pls,0
pagod,0
pagod,0
baka bukas makawala igulong papuntang kakapagoooood char,0
itigil naten tong,0
bro ayos notion pagod,0
kayang magpabalik balik floor,0
bro rest draining mind ache time due sabado linggo pahinga wearenotrobots,0
bakasyon kaka umpisa nang klase pwede focus ssl,0
time bebeloves,0
makapag focus kpop,0
kayong active nakakasabay,0
tuyo brain cells,0
ilang live jowa miss,0
nawawalan oras koreano,0
naglive tangina sagabal acads enhypen,0
putanginang nakakanood fun,0
orientation pagod haha,0
masyadong time consuming tong aaral nawawalan oras kay inksteady amp jonaxx haha,0
gikapoy nako,0
putangina pagod,0
quiz,0
nagsasalita,0
ayaw wearenotrobots,0
ama,0
pls ayoko,0
im ok j,0
time kdrama,0
pagod aral,0
miss miss taeyong tangina,0
nct txxxk ksdl,0
nawawalan oras nct,0
nakong time magbasa ao wattpad manood kdrama,0
andami requirements nagagawa huhu,0
miss kona makipag interact kaso busy ak,0
napapabayaan lalabs maari,0
hadlang aaral,0
pagod pagod,0
yes mhie hahahahsajka dinelete twt potek nadidistract,0
nakakaabala aaral pagbabasa jonaxx stories,0
putangina hour ata nagsesend assignment yew jygucd,0
pagod pls robots,0
sinat,0
lng naalala bday han omg kasalanan aaral quh,0
mapapasabi kana bat stem jwk tamad tlga kxs mg flo,0
nakakaantok,0
aaaaaaaaaaaaa th,0
napapabayaan laloves k ktc ooewem,0
feel nde mapapanood con enha hirap sagabal aaral pls,0
hay,0
putangina hinay hinay activities pls pagod,0
gana pumasok bukas,0
suko,0
napapabayaan faves,0
miss manood kumu ls hahahahaha anjisalvacion,0
let us breathe,0
another vacation september academictwitter,0
minutes ata sleep,0
gustoqnamatulogpls,0
saur tired nmixx release snippet title track asap,0
pm nakaharap laptop gagi huhu,0
hays namimiss liyah,0
sched napapagod kay plm hayst,0
pagod aq magtake notes,0
matulog pwede magbasa alam hahaha,0
missed live wearenotrobots,0
sakit andaming makanood bts things pota,0
updated bias,0
kona fabm hirap example ampucha,0
naabutan live namjoon potangina,0
first limang assignment nakakaiyak,0
kapagod saur much choss hahahaha,0
pretty fucking tired gzn fg ziz,0
kasalanan online classes,0
th long test next,0
yawa sakot char,0
imyt super busy acads oh gosh,0
tangina nakakaiyak sched pm,0
daming,0
unang klase pagod,0
grabe nakakapagod,0
ayokoooo naaaaaaa,0
ayoko pagod lectures,0
huhu utak laman pasensya,0
maka focus enhypen,0
gana skool,0
grades define,0
tama deped fleek mahina tao,0
miss tannies fimmies,0
pls nakaka fangirl,0
pasukan tomorrow huhu,0
monday nanaman,0
pasok tom,0
maintindihan pre cal gen math puta,0
eto stress life kaba malala ticket selling,0
auq puuu suko,0
joke aral aral,0
nasunog ung ulam iisip isasagot bwiset pe imbis sabaw fried,0
stressful asikaso requirements f f duty,0
daming activities ah gus kona mamatay,0
monday ulit bukas ugh fuck,0
tangina monday bukas fuck,0
girl tired,0
rd floor room namen nakakapagod,0
napakahaba araw kahapon simula umaga pasok tas inumaga kakagawa works tulog pahinga,0
ahahhaha,0
ayaw,0
pasok nanaman bukas,0
research,0
updated kpop,0
nawawalan oras seventeen,0
pagod real,0
took acads say sagabal pagaaral pagiging dive,0
updated ults huhuh,0
sumisikip dibdib atom ia efk yrr,0
pagod,0
ansakit btfn lfkas,0
makahinga,0
linggo bukas pota,0
makatapos report bat diko maiintindihan shuutaannggiiinnnaaaa,0
ayoko,0
pagod aq,0
ia huhu,0
hilong hilo hqhahahahahahhahah,0
grabe pagod pagod n katawang lupa q,0
kakauwi galing uni nakaupo super kakapagod chz anw accepting rush non rush comms,0
yes ayoko maggawa plates,0
pagod aral,0
napapabayaan kona twitter charing,0
maintindihan ung assignment huhu,0
napapabayaan koreano,0
napapabayaan koreano,0
makapag tiktok hahahahahahaha,0
hinay hinay pinapagawa,0
oras nct,0
wa nakoy time pang valo,0
sobrang daming schoolworks napapabayaan panonood kdrama,0
sunod sunod magbigay activities huwaw,0
napapabayaan nct,0
nakakainis c ata kalbuhin,0
hingal hingal umakyat hagdan,0
expectation subj hirap potaena hahahahahaha,0
ayoko,0
napapabayaan koreano,0
mapapa ngayong september,0
sakit ngipin,0
hayss jk,0
ready monday char xmimhb n,0
rd la stress stress,0
nabagsak quiz,0
bobo hahahaha,0
nakakasira kalusugan ung gen math pre cal,0
napapabayaan twitter acc maganda hahahahahha,0
second auq p,0
tambak schoolworks,0
tired hahahaha eme,0
scaries earlier productive shook amp enjoyed fall saturday fall things wk bgykh,1
activities magingay twt,1
hello academicians rest activate best thus try find time possible academictwitter phdvoice,1
every closed door locked push phdchat phdvoice academictwitter xay pjh q,1
risking research done important creating environment feel either upscaling downscaling skills ethics academicchatter academictwitter research academicfreedom,1
academicians creating knowledge replenishing human capital carrying tradition creating environment disseminating science deserve least take little weekends academictwitter,1
ready thank,1
hahahashahahahahahaha,1
happy really watch great cartoon happy life happiness academictwitter academicchatter rl nveiw,1
first f f haha,1
hello stan twtttt miss interacting w moots,1
new episode lots job interview panels years learned well cope get job listen h nbb tm academicchatter fridaymorning nationalpoetryday worldsmileday yx f,1
tomorrow want know ace job interviews subscribe answer pop magically podcast downloads academictwitter academicchatter academia jobs careers phdposition interviewwiththevampire universitychallenge lchpfcym l,1
hellooo good morning everyone sorry ia barely open account since already started napapabayaan tbz hayst,1
normalizing fact papasa feel saglitlang mondaynabukasshyet,1
goodmorning furries ill gordon ramsay today serve best burger patty,1
academicians hope forget good rest achieve best weekend,1
tune good stuff many many many many brain breaks preparing long journey advanced degree less fell hat backwards higher ed r notes field v hkwgjb g,1
insightful graphical representation find phdlife phdone postdoc academictwitter academicchatter iqjdht phe,1
consider academia lifestyle rest part take well deserved rest academictwitter academicchatter phdvoice postdoclife,1
aral start hahahahahahah,1
write pay pass simple straight point hmu today help assignmentdue essaypay essaydue researchpaperdue homework blacklivesmatter unihacks lawschool lawpaper english literature chem biology nursing help,1
happened years hard work caffeine overdrive late nights worth phdvoice phd academictwitter cgnfw yrbz,1
ok orientation namen gen zoo,1
yehey umuulan pls classes tom rest,1
naaamoy simoy sembreak,1
hoi happy nd anniversary engenes years old yarnn busystudent,1
pati kakilig koreano schedule,1
hahahaha,1
wrote paragraphs amazing idea burst idea change chapter reward disproportionately sized pdhlife academicwriting,1
first time joining selca ujungselcaday wjsn usd seola angpangitnggenmath pagodnaako mahalkosiseola nphk jzzt,1
whhahahahhaha,1
charot hahahahahaha,1
st classes done feeling blessed,1
hahahahahahahahahaha,1
aaral nakuha first guess qzqx jynjq,1
joke natin,1
hahahahaha,1
wow volunteer ferson recite kanina acckk improving newme,1
survived st still,1
sunday productivity level pro max phdchat phdlife phdvoice phdmemes phdforum phd academictwitter academicchatter academia phdthesis summervibes xmft gaxvc,1
kinikilig koreano,1
section pls hahshahahahahahaha,1
quality education important levels kszt p j guarantee cutting edge higher education researchers techtwitter sciencetwitter academicchatter academiadepiltover r pqfajwfl,1
chill post ha hmp,1
yey first think tama,1
naboboang bang pumasok lipat iscp iscp araw araw tatamarin maiistress klase mrbeast ambassador pang iniintay lipat v tawmhxf,1
comeback blackpink,1
recommending webtoon title odd girl teenage romance see important friendship typical webtoon romance good thing read especially bored webtoon oddgirlout recommended romance freindship emuysuszdg,1
thank dyesebel lastikman alakdan helping darna vhong navarro anne curtis jhong hilario showtime others darna abs cbn arjo earthquakeph donnalyn valentina jane de leon eloy breakingnews swafnrmtro,1
thank dyesebel lastikman alakdan helping darna anne curtis jhong hilario vhong navarro others marcoleta darna valentina jane de leon deped donnalyn dswd bgyo earthquakeph breakingnews darna showtime r esadhmz,1
young peeps know power hts use wisely capable early know yes also listen non dsi mffiwl,1
excited pasukan,1
yes first today,1
first feeling excitedd,1
trending haha,1
hahahah,1
proud say survived first j,1
managed get inbox logging weeks leave satisfying feeling academictwitter uvabkvhkml,1
happy thanksgiving everyone ignore emails stress free thanksgivingday,1
congratulations academictwitter academicmentalhealth rkgzdfqhfh,1
really well done thanks academictwitter academicchatter tp ijegw,1
thank goodness academicchatter academicmentalhealth academictwitter phdlife google mhx xva bm,1
help send us dm always open academictwitter academicmentalhealth academicwriting academichelp academiccommissions academicwriting studytwt studytwtph academicease fiiygebx,1
cheer sateng pareh hahahhaha yw nato jana ug bagsak aw nsd,1
knew still online classes despite late hour cuz teacher wanted continue despite schedule decided give us crashing thank google google academichalt bftlzqct,1
thank youuu artph art artistsupport make doodles cheap price p p help sisters online pisoparasalaptop pisoparasaonlineclass ibispaint ekpfhfyqob,1
thank jenyangg n artph art artistsupport make doodles cheap price p p help sisters online pisoparasalaptop pisoparasaonlineclass ibispaint got got lastpiece bh ietn h rcgrtkstg,1
thank jenyangg n artph art artistsupport make doodles cheap price p p help sisters online pisoparasalaptop pisoparasaonlineclass ibispaint got got lastpiece bh ietn h,1
thank youuu artph art artistsupport make doodles cheap price p p help sisters online pisoparasalaptop pisoparasaonlineclass ibispaint cmdqalwqcu,1
exam today potah laman utak cheer selp,1
thank much artph art artistsupport make doodles cheap price p p help sisters online pisoparasalaptop pisoparasaonlineclass ibispaint victon llmlxakd,1
thank papaskong handog ramdam saya,1
virtual work experience quarantined require work experience cv experience help get medicine academictwitter academicchatter daysofkindness education healthtech bakhtawarbhuttozardari fbnv yghqy,1
popogi friends feelingblessed thankyoulord,1
wrost world best congratulations shafqatmahmood shafqatmehmood schools,1
first client thank much trusting commcore til next transaction commissionsopen academicservices academiccommissions homeworkhelp academictwitter mzlsnwfsmi,1
hard time dealing piled requirements acad assistant lend hand thank padayon academictwitter academichelp academicchatter academicmentalhealth academicchatter lunqkqwlk,1
buti mabait kaming prof tyl parin nuacademicbreaknow,1
love classmates teachers hate decisions lack compassion beloved university showing us,1
go ateneo oustdutertenow oustdutertenownaasinnownaplease,1
alam oustduterte pinagsasabi atleast nagawa syang tama desisyon syang nagawang tama mabuti syang hangarin bansa nagbubulagan oustbriones oustbrionesnow,1
thankful enough one people experiencing hardships atm thankful pray others ulyssessph cagayanneedshelp cagayanvalleyneedshelp pampanganeedshelp catanduanesneedshelp sierramadre philippinesneedshelp,1
thank jeannn unsay long quiz mentalhealth bawinextlife,1
thank much artph art artistsupport make doodles cheap price p p help sisters online pisoparasalaptop pisoparasaonlineclass ibispaint loi h shw wm qxmpgys,1
finals exam koooo thanksgod sembreak naaaaa nairaos ol etu,1
blaming society yet society make better place must change first kabataan stand change want first online better think expect,1
life got harder congratulations leveled yestoacademicfreeze,1
took shower felt water going thru body felt kinda hot tbh walangpasok,1
excited comeback twice,1
cheer pahinga mas mahalaga kalusugan pinagaralan palalakasin natin tinig,1
cheer wag susuko makakatamtan natin nararapat bibingiin natin namamala,1
hello cheer tatagan mopo loon mopo natin mas lalo natin papalakasin tinig,1
hello cheer ate tatagan loob lalaban asa bayan nararapat dinggin daing,1
hello cheer alam kopong pinanghihinaan kalang oras sumuko lalaban papalakasin natin tinig,1
cheer pk,1
hello cheer mas lalalkasin natin tinig,1
cheer siguro pinanghihinaan pakatatag mas lalo nating palalakasin tinig kabataan bibingihin natin,1
kaibigan kaibigan thank much,1
beyond happy arouse organize mobilize shs community key issues short stay pagodnakami notomarcosduterte agitation online soon bear fruit ground real changes happen thank shs dtcnljix zb ip r,1
luv thank hooney pagodnakami hsdqpvegsj,1
thanks gamit hashtags ha pagodnakami q bbzesyvt,1
much needed thanksgiving cousin ca warm fall colors still ablaze lovely time family great food got spend time nephew crazy fast grow nephewlove foodgasm pdaqljf,1
thank lspu,1
world emailing today deserve academictwitter thanksgiving,1
diba kakagulo slu saw trending e correct wrong ha take ca yes hays thank much catholic maeexperience impyerno char kzbbupy cy,1
naalala noong tinanong adviser absent palagi nagsabi sakanya cheer hang guys get academicbreaknowslu w ubmk,1
thank plm academicmentalhealth academicchatter cse hb gav,1
naksss nakaraos st sem ah congratssss,1
thank prof eloi lt god bless academicease academicfreedom km wv ovpn,1
thank earist,1
thank plmar thank mayor marcy,1
masaya medyo nawala stress namen sembreak thank,1
thankyoumcm femppajyuj,1
thankyoumcm,1
maka thai series nako selemet mcm thankyoumcm,1
mcm truly cares thankyoumcm,1
thankyoumcm hbbask lgm,1
thankyoumcm diay,1
true man daw tuh ato thankyoumcm,1
thankyoumcm,1
hashtag thankyoumcm,1
help genuine rest start semester moreover also pave way move semester order accommodate much needed fast paced schedule movethesemup,1
please thank,1
missing lolas joined us research shared stories bible experiences missionaries thank visiting us balik eskwela makasama ulit ligtasbalikeskwela savxvltai,1
thank much informative talk atty eljay mr reyel discussion profound meaningful really taught us lot rights weekofcolors standandfightfordiversityandequality sogieequalitynow b fcpg,1
help kapatidddddd thank much pwede ipang gift loved ones prose amp poems best tho sb academictwitter acadscommission pzctmywqnm,1
thank god recovery blanket suspension covers classes emailed ocs salamat ovpaa walangiwananup,1
thankyou pup ffbhy iux,1
thank much compassion sintang paaralan pup lets goooooo nostudentleftbehind nasaanangmalasakit kwdin r xb,1
wohoooo thank mayor walangpasok qcanona pwrinz tl,1
thank much pisaygiveusabreak,1
army struggling right okay though remeber spring come fort friend cheer everything ok soon btsarmy,1
sulit kay thanks g,1
thanks pi,1
thank days kaso rcd mg,1
wanna mention best boys made memorable thank amazing performances live vocals left us awe hearing pagsibol songs see soon mahalima rkwxtyksm,1
extended pup grabe thank lord paspasan x real,1
heads ntelektwals activities suspended address concern rise cases omicron variant nationwide let take time heal thank sintang paaralan stay healthy ntelektwals ntelekto mglt eivcv,1
omg literal nagpahinga love thank love noems,1
thank master,1
thank canvas,1
thank makakanood uli anime,1
hahahahhahaha thanks oncon capped ilysm sb ongloballive tmfunpasko,1
thankful,1
congrats gago nasa tamang headspace kayang aral circumstances keep mind want give time maka recover bagyo know cant recover weekend llcopent,1
wahhhh days starting friday sunday huhuhuhu thank god least attend church service sunday mafefeel nadin weekend vives iniisip classes recits hrs sleep huhuhuhu,1
omg thank watch friday fortunately naka rv ogfefte,1
congrats ranch anything courageous,1
thesis title proposals amp revisions whole thesis titles defense today midterm proj midterm exam finally pwede congrats self today pede magsleep guess coz lalavan ulit next haha acadease chozsx,1
congrats nakasali,1
grabe n tlaga joke yayyyyy congrats ji great pahinga k,1
thank cspc really know future,1
thank,1
omg rest omg thank,1
omg next savedddd math research thank god,1
thank starting would much better teachers parents staffs alike suffering,1
naki honors hahhahahahha congratulations ulit satin,1
daw honors hahahahahhahahahahhah congrats self,1
withhighhonor congratulations fellow graduates puro rants comply hahahahahahaha vlscksjivq,1
nairaos thank lord hahahahaha sinetch itey,1
congrats sating yes honors,1
grabe nakaraan msg grabe nalamanpasan natin itong nato thank lord experience memories bagong nakilala,1
nagrereklamo ayaw pumasok honors ate thank lord thank google brainly klasmeyt jybwirf xc,1
asan privileged rich kids think netflix robots later congrats forever learning system hope fucks would less privileged,1
moving recognition ceremony congrats completers,1
congrats gagraduate magmomove forward akalain yun nakiki gagraduate galit kay mareng briones biglang ngiti nung makakatanggap medal,1
congrats gagraduate magmomove forward akalain yun nakiki gagraduate momove forward galit kay mareng briones,1
raise black bar rtbb program aims barriers legal education black youth congratulations amp partnership amp initiating program advances yorku plan priority access success p qy v cb,1
naka pasa board exam hahahah congrats,1
hello going take drawing daily doodles order focus requirements promise come back everything settled thank support past months really sorry,1
oki oki thank youuu,1
much needed thanksgiving cousin ca warm fall colors still ablaze lovely time family great food got spend time nephew crazy fast grow nephewlove foodgasm pdaqljf,1
binge watching cheer weak hero thanks,1
semester almost thank god imma enjoy winter freee,1
best wishes much needed thanksgiving porter nation track tighten gaps best face face instruction texas offer look forward community success great educators work together selfcare family youaintseennothingyet uq rdai e,1
behalf success center want wish safe restful holiday happythanksgiving n jexxnow,1
celebrating mavsgiving without financial amp support scholarship donors doubt would position thanks help hope barriers inspire others graduate medaille joseph petronella scholarship recipient bimbox vf,1
thanksgiving college tour wonderful tour guide hans introduced us beautiful buildings dorms union stadium free shirt included jbfi xldcu,1
ending celebrating st quarter scholars achievement congratulations proud morethanonestory glhwglwlnp,1
thanksgiving thanksgiving cases home latter instance also grading seven page essays writing catching,1
midterm done congrats bshm c nasurvive natin hehe un irie ex,1
first great nung thanks validation complex,1
excited sharing interim analysis partners programs traditional hierarchies also recapitulating inadvertently image description next tweet sotl vhrihbhw,1
wrap st quarter exams congratulations completing quarter examinations scholars deserve hectic challenging enjoy pahuway long november smydgtszjw,1
munang magkaklase naka thank,1
thankyou bsu,1
thankyou batstateu,1
jusko thankyou lord,1
thank,1
def rn thanks hearing us gt,1
awee thank sm trynna get sum decent sleep go back reviewers,1
thank muchh know love,1
thank,1
thank bsu,1
wow thank usc,1
thanks sinabay weekend undas,1
thanks able finish one book less yrs miss,1
wowww nice gi sabya undas haha thank ha,1
thank l able join tp wed mwehehe tmisylast days tmisykalungkutan vi jb itb,1
thanks sinabay weekend undas,1
deserve thank youuuu msu,1
thank lord,1
congratulations supported learners received awards last friday event truly highlight supported learning amp great way celebrate fantastic achievements made good back calendar l djqham,1
done midterms excited cos finally rest,1
congratulations great half term looking forward watching continue flourish remainder wishing peaceful,1
days huhu thank mahal msu maguindanao,1
today october half term great start well done thank staff parents governors dedication support colahh halfterm takeabreak,1
thank lord buti health pasok cancel pasok kinabukasan sat thank lord bini first tlga hahaha see yayyyy wait love girls see blooms bini,1
congrats nakasali,1
grabe n tlaga joke yayyyyy congrats ji great pahinga k,1
thank,1
naki honors hahhahahahha congratulations ulit satin,1
daw honors hahahahahhahahahahhah congrats self,1
nairaos thank lord hahahahaha sinetch itey,1
congrats gagraduate magmomove forward akalain yun nakiki gagraduate galit kay mareng briones biglang ngiti nung makakatanggap medal,1
congrats gagraduate magmomove forward akalain yun nakiki gagraduate momove forward galit kay mareng briones,1
give personal self care,1
effectiveness senior high curricula ease,1
cutie x uxzgoqel,1
magpapalit photo google acc ilalagay e,1
ease pwede chour,1
sabaw moment mixed friends birthdays ended embarrassed lmao better,1
buti txt kelan hahsgshshhahhahshshshshahahahah txt coming chaos chapter thechaoschapter txt tomorrow x together,1
okay moas attention promulgated starting txt coming chaos chapter thechaoschapter txt tomorrow x together,1
yata mars tinatamad klase hahahaha,1
tagaban consider situation parents teachers also provide children choosing foregoing accountability government move forward safe return classes,1
loa yun tinatawag,1
ahahahahahahahahahahahahahahahahahahahahahahahahahahahahahahahahahahahahahahahahahahahahahahahahahahahahahahahahahahahahahahahahahahahahahahahahahahahahahahahahahahahahahahahahahahahahahahahahahahahahahahahahahahahahahahahahahahahahahahahahahahahahahahahahahahaha,1
exciting topic idebate,1
TRUE,1
bawal mastress nadami pimples,1
pasok bukas,1
tagal reading hays hshsjsjsjsjxjxjxj,1
pasok bukas new album tay tay tomorrow releasing,1
shuta pasok ulit bukas ayoko napipili index card charot,1
eme,1
practice,1
kpop nakafocus napunta schoolworks,1
like papasok bukas hahaha,1
reporting bukas hahaha,1
joemmddjdjdksksk,1
truths nu maria,1
tuesday pasukan,1
chz hahahahahahahahahahahaha zhgdie hkx,1
hahahahahahha,1
new episode believe think fine often anything knowing feel skill work listen fpmwsxxxft academictwitter academicchatter internationaldogday fridayfeeling weekendvibes lsrsvmlvn,1
love talk talk much naiinis diko napanood klase jok,1
wonderful ahead,1
bro literally passed pt earlier bc pm deadline bagal wifi loading parin potangena fucking care liza ponyetaaaa pldt sanaallsiliza,1
focus problems problems focus possibilities opportunities dreamwishmakeithappen goodmorning gcc impactinglifepositively afghanpeaceprocess changeisnow data,1
fair scheduled next monday return thanksgiving come learn many course offerings available lchs xokzmplwll,1
noriel patuloy nananawagan ligtas abot kamay de kalidad balik eskwela kasama panawagang genuine ease policies pamantasan tuloy nostudentleftbehind clwtsabklg,1
jord bh lfs mb acs patuloy nananawagan ligtas abot kamay de kalidad balik eskwela kasama panawagang genuine ease policies pamantasan tuloy nostudentleftbehind mux xuvsj,1
work mode yern hahahahaha happy ebri trabaho wspaqfbrtx,1
support faculty union ya imma keep saying academictwitter academicchatter unionstrong make sure sign membership card solidarity,1
finished assignment,1
first,1
normal nakabukas tab twitter gumagawa pendings ahsashahahah leche eme,1
shuta pasok uli bukas hahahahahahaha eme,1
explore sumeru,1
us wishing go back old times get allowance rn ur first guys haha stop shts okbrdhyi c,1
hello offering tutoring services forthcoming fall semester please dm advice personal statements essays online classes course work research papers thesis asu gramfam ssu gsu aamu canvas pearson mylab dissertation tercih,1
omg started,1
lakas ulan pasok walangpasok,1
lakas ulan,1
lamig sarap matulog,1
pong hotdog,1
pasok ulit bukas hahahahahahaahahahahahahahahahahhaah genmath,1
quality education important levels utm mu z guarantee cutting edge higher education researchers techtwitter sciencetwitter academicchatter academia tfwim sqjd,1
holy heck know lesbian dance theory reading elite sexy article think wanna take dth wqfh c academicchatter lgbtqia nrda pff,1
tenkyu breana hahahahahahahahahahahahahahahaa ywa,1
next lt tb ucxnljk,1
super fun first,1
joke fun f f,1
goodluck gwentot f f k tudei hays,1
goodluck sating pasok lunes masaya hinde,1
health wealth also prevention better cure good morning everyone nice wellness darna backtoswschool,1
wait miss something im still kinda funny see ngl,1
nagsisimula schedule thanks,1
shouting must come wanting genuine reform institutional even department wide policy changes fun dangerous invalidate true struggles,1
greeted bestfriend good luck first saw hashtag trending,1
hahahaha funny yeah makes sense kin ready move yet f f classes chz,1
please hahahahahahahaha sawa aral nakaka kuha parin honors,1
tama much,1
wth tweet first lol wished f f cuz hard adapting new environment granted twting wth lulugar peeps funny diyan,1
finally hahahahah jk,1
hello get essays done little per page visit lhfizt ugv place order asap academictwitter academicchatter fallsemester essays sundaynightfootball washingtonfootball thanksgivingbreak writemypaper nc zhw gkv,1
whoop whoop take lunchbreak textbooks cool revamped join fun games win prizes obcrew kfc atknl w zc,1
took google search recently impressed google said google say maybe around time begin working towards improving online profile academicchatter google fgdl zxdcp,1
first mondaymorning holiday feel rested bonus effects iron infusion weeks ago kicking let tackle post holiday inbox academicchatter academiclife,1
burst laughing around pm realized told spouse enable continue grading done started grading reminded harry dumbledore poison finished good night teacherlife academictwitter rh yfluwco,1
unrest resonating brats schools want blame parents teachers think understand times different right way upbringing days longer holding,1
bucad added willing cooperate slu administration provide without disrupting calendar without compromising quality education university providing academicbreaknowslu,1
hi slots today price starts pesos feel free dm us inquires assure quality workloads acadhelper acadessayhelp essayhelp zkfvmorvii,1
ph prioritize quality education lot thier stories teachers teaches sake basta nakapagturo dont really care like makinig man sweldo like wtf,1
thanks,1
struggling sem worries ease anxieties offer quality services dm us inquiries academicservices academiccommissions homeworkhelp academictwitter awtqcsq,1
struggling sem worries ease anxieties offer quality services dm us inquiries academicservices academiccommissions homeworkhelp academictwitter,1
goodday subject mathematics topic circle assignment area circumference perimeter circle education educationministergoeslive psychology schools bslsmbheuc,1
goodday subject mathematics topic circle watch video youtube channel thanks participating schools psychology assignment wlrvvhvodp,1
goodday subject mathematics topic circle psychology schools caexams palmpaycarnival lekki kqxzklq v,1
academictwitter academicchatter phdchat xtwizblwxg,1
thank jenyangg n artph art artistsupport make doodles cheap price p p help sisters online pisoparasalaptop pisoparasaonlineclass ibispaint got got lastpiece loi h shw hpcyd,1
finally gave us breakdown much activities giving seeing modules make cry dont freakin know learning anymore,1
eyes university online exams thank shafqatmehmood closeeducationalinstitions,1
hi please copy retweet please help miss thank gcash number pisoparasaload pisoparasaedukasyon pisoparasapangarap pisoparasakapwako p en jkrc,1
seeking quality grades fall classes math algebra calculus statistics biology nursing essaydue assignment law physics calculus chemistry homework pay someone whatsapp presidentelectjoe championsleague engineeringjobs,1
receive order span hours cheap price good quality cjgfeedbacks studytwtph studytwt acadscommission module studytwtresources academictwitter onlineclasses commissions essay essayhelp essay bqpngznnjt,1
thank hahaha sinama friday okay maaga announce suspension bukas walangpasok ulyssesph yestoacademicfreeze gavhhpcmhv,1
seeking quality grades fall classes math algebra calculus statistics biology nursing essay due assignment law physics calculus chemistry homework pay someone presidentelectjoe championsleague engineering,1
seeking quality grades fall classes math algebra calculus statistics biology nursing essay due assignment law physics calculus chemistry presidentelectjoe championsleague engineering,1
thank much artph art artistsupport make doodles cheap price p p help sisters online pisoparasalaptop pisoparasaonlineclass ibispaint loi h shw x bkuw tmv,1
hiiii sogieequalitynow junkterrorlaw activistismisnotterrorism oustdu savelumadschools justiceforbabyriver duterteduwag many,1
thank sooo much artph art artistsupport make doodles cheap price p p help sisters online pisoparasalaptop pisoparasaonlineclass ibispaint sr rrmq kis mhgrr,1
thank much artph art artistsupport make doodles cheap price p p help sisters online pisoparasalaptop pisoparasaonlineclass ibispaint sr rrmq kuoheggthc,1
finallyyy modules done fvck tired exhausted pisaygiveusabreak,1
finally university crush liwat pagodnakami,1
willingness debate thank publichealth freespeechmatters freespeech academicchatter academictwitter scicomm k grhsc ai,1
letranites rest collegiate department starts october today tomorrow october congratulations ending midterms made stayintheknow dsatogether wrt pnuh,1
yawaaaa finally im done math,1
thanks memories one ago today hard time trying work dog went sleep one folders trying use remember moment everything slowed joy every disabledinstem happy vckcq igm,1
math help algebra calculus statistics precalculus homework assignments econ econ chemistry biology online classes quiz exam projects discussion email qualitywriters com sfsu academictwitter,1
finally finally finally,1
thanks goldensistahs amazing time capetown amp allowing recharge unwind amp rejuvenate love amp missed see next south america asia next trip thank god travel mercies odfcqoll,1
finally time scroll,1
finally klase ayoko magaral eme,1
thank,1
means finally time r amp r reviewing book chapters amp riting outline book proposal conference abstract manuscript meant submit months ago academicchatter amwriting iwenttoschoolforthis,1
kicking thanksgiving right miles feet elevation gain hours chatter amp laughter lots future plans similar self care sciencemom momsofthemountain hetlaxii,1
manifested believe moving date educators festival better everyone various reasons whichever serves best pahuwaymagtutudlo restisessential ecforyou,1
dm open inquiries well identity safe anonymous posting dahandahansapandemya onlineclasses onlinesemester deped studentsdeservebetter protesta tulungantayodito onlineclassprotest,1
refresh minds recharge body us tired time recover mentalhealthmatters,1
ayoko olc thank god came back,1
finally done duty finalize computation st quarter grades pwede matulog inaalalang gawain paggising indeed,1
really right thank dear batstateu zitoredspartans tatakbatstateu lebefjifki,1
end semester always stressful took time today enjoy sunny degree weather finally wi hope find way recharge batter today selfcare q gzxdd w,1
siguro instead especially organizations representing suggest better options continue learning last option patigilin aaral kabataan karapatan matuto wag sayangin,1
finally aggbblfg,1
finally teacher payag ung bias bias lmao wmt pezh k,1
tuwang tuwa pasok finally makakapag pahinga online classes bagyo nagkaron tas ngayong nangyari umiyak mapamura lord pls taon bakasyon mabalik buhay,1
waaaaaahh finally akala ibang maga sarap feeling men e h uozxsy,1
gayundin nakikiisa panawagan panatilihin ease darating semestre nararapat ipataw patakaran magpandemya naiibang karanasan aaral guro kasalukuyan,1
ganon kadali makapag enlist units estudyante least admin compassionate binigay kabaligtaran kinakailangan walangiwananup dobetterup,1
internet connection conducive environment makapag aral nang maayos atbp pagtatanggal ease policies dagdag pahirap estudyante lalo nasa gitna pandemya dobetterup,1
achieved comprehensive scientific response pandemic finally implemented fight rights amplify calls walangiwananupb,1
good postponing reading til end thanks recommendation find paperback,1
thank much see closing event weekofcolors standandfightfordiversityandequality sogieequalitynow passthemagnacartanow passmalolosadonow,1
amath best mathematics app happy thanksgiving preschool education askstudytwt studytwt langchat backtoschool remotelearning mathematics studyfromhome mathgames myvrgnfiz,1
hard time dealing piled requirements acad assistant lend hand thank padayon academictwitter academichelp academicchatter academicmentalhealth academicchatter lunqkqwlk,1
sign iaz nzsoi tomasinostrikeback youthstrikeph oustdutertenow zqapgdloaf,1
thomasians signature campaign reached signatories join movement sign q pglvj support join national action november uopxwrswao tomasinostrikeback oustdutertenow ycqmht,1
thomasians signature campaign reached signatories join movement sign ertvropkpg support join national action november eyerx hqa tomasinostrikeback oustdutertenow,1
thomasians signature campaign reached signatories join movement sign cqxl bqnhp support join national action november wstnazgky tomasinostrikeback oustdutertenow,1
thomasians signature campaign reached signatories join movement sign ixdeweg pg support join national action november ezolxregx tomasinostrikeback oustdutertenow,1
thomasians signature campaign reached signatories join movement sign itg ys sp support join national action november vea tus qp tomasinostrikeback oustdutertenow,1
nakapag acad estudyante arts hum thank,1
thank album dance stress schoolworks lol,1
amoy scam okay thanks onj perk,1
thanks liking facebook page engaging contents means lot us redspotng rng redmin redads digitalmarketing vtubusiness thanksfor likes actuallyautistic artshare blog booktwitter endnorthbanditry cjghmkzk z,1
thanks liking facebook page engaging contents means lot us redspotng rng redmin redads digitalmarketing vtubusiness thanksfor likes actuallyautistic artshare blog booktwitter endnorthbanditry icmkc qra,1
help essay due dm us help essay pay essay write paper pay online take accounting thesis physics history philosophy pay essay essay write essay due pay someone write onlineclass assignments assassinationclassroom,1
help essay due dm us help essay pay essay write paper pay online take accounting thesis physics history philosophy pay essay essay write essay due pay someone write onlineclass assignments assassinationclassroom,1
help essay due dm us help essay pay essay write paper pay online take accounting thesis physics history philosophy pay essay essay write essay due pay someone write onlineclass assignments assassinationclassroom,1
finally finished modules yay tomorrow next yay,1
finallyyy,1
finally,1
good morning finally work full time today update masterlist packing orders nagbayad last sale automatically cancelled orders magsend sf estimation later,1
finally got movies done nyahahahahaa thanks,1
finally ubos reqs cahcsg win mainggit pls char hahahahgaha,1
aaa finally txyjti q,1
finally back holy well spent regrets taking short acads socmed bec,1
mababait prof super tight sched bighelp marefresh buong pagkatao hahhaha request fridaylivestream sb votingday tosb live sb onmyx,1
finally feel gt,1
realized finally going hr sleep next dayss omg sleep deprived girl able sleep hrs yess even peace still love hr sleep bruhhhh,1
latin honors lage tanan gae ato shars congratsss graduating yeee,1
taena finally univ,1
potangina super,1
ligtasbalikeskwela philippine government finally allowed educational institutions gradually reopen limited face face classes umlnyuf tz,1
finally pong magaganap,1
finally putangina,1
yay finally,1
finally get dream design research questions want ask incredibly excited paralyzed time phdlife phdvoice research,1
days covid finally feel healthy enough back working manuscripts tips starting productive work regret time lost academictwitter,1
givingtuesday ask consider importance giving youth first donation helps foster child belief themself inspires growth leadership supports success energizes community ciatx wqd sazu od,1
loved welcoming back important make getting time every top priority building positive habits attend help increase child success road graduation ontimeeveryday misnuz ct,1
oras,1
finally aaaaaaaaa,1
finally,1
pre toddler mom friend mine told appreciates monday mornings finally gets weekend time raised eyebrow understand,1
finally finished last exam got hardest part medical never thought would tbh always knew would emotional spiritual psychological mental trying rise adversity rest,1
finally taking reading related books start reading novels tbr pile lqlxkppgqq,1
finally,1
know want validation us wanna high grades let forget take care eat time proper sleep let body rest give mind let breathe,1
studyspo inspiration thought sm take breaks bc raging workaholic would overwork lot like could literally hear nagging take rests open eyes studying anymore lmaoooo bauvxxcivx,1
think well morning finally woke early took bath prepared meal finished tasks taking thinking next,1
waaaa want long want refresh mindddd,1
fall last fall scholars set personal goals rest everyonegrows uanp lke,1
gradguard continually refreshes digidoc progresses keep engaged ensure access relevant information eg messaging relevant start fall winter spring breaks finals etc,1
understanding body requires moment much important fulfilling work commitments choose works best relaxing mechanism give rightfully deserve cyilgl uq,1
think tomorrow first lectures restarting long atp finals scheduling rlly bullying already failing life specifically,1
hi bhie last tweet since much busier uni moment taking focusing responsibilities rest assured babalik inkare see later friends much love tin,1
taking rest work lol hehe treating ate also cause really deserves stressed lately gopvrxws,1
goddddd finally,1
midterms done hello,1
review,1
hahahah deserve gumala,1
midterms done naka survive,1
finally exam deserve maflex,1
next omg manifested finally catch reading goal cirubl lyy,1
omg finally,1
finally,1
forget highly accomplished get accident rhythm even means sacrificing get house leave behind treat refreshed ready go,1
finally patapos makakausap ulit bukod,1
give thanks lord good love endure forever happy sunday mexess long weekend end get enough rest monday tomorrow see campus everyone z l qpztuq,1
making,1
finally take rest jud stress,1
watching happiness currently certainly certain continuing series guy literally makes want punch screen,1
sulit sulit,1
finally announced,1
surviving enrollment hunger games believe deserve ten game,1
aga natulog kagabi diko tuloy alam,1
salamat announced kakauwi kahapon dorm,1
resumes tomorrow thnx green mong three days feel refreshed well rested,1
omg finally,1
naka til nov huhuhu finallyyyyyy totoong rest huhu review quizzes munaaaaaaaa,1
goodnews badnews madaming pinapagawa activity,1
finally,1
yeheyyyy parinig fb finally,1
hay jusko finally,1
finally inapproved arasof,1
finally enjoy najud nako long weekend,1
malapit ikalma nyooooq,1
finally ayeee,1
lyceans shall october november rest rejuvenate hectic midterm exams classes shall resume november lpubacademicbreak learndifferentlivedifferent takethelead ypgobk rnq,1
finally,1
gonna productive also watching grand finals ti,1
finally,1
hope,1
wow wow,1
finally trying enjoy still thinking ends readings prepare presentation go back,1
felt stuck academia gave curiosity let learn read whatever questions interested esp unrelated thesis scrounged meetings friends chat work etc refreshing,1
finally pwede magpuyat,1
one time finally free requirements exams mean time idk non related things deserved,1
finally,1
please reminded october november november well deserved indeed rest well psychmates see conquer last term semester always remember padayon ueps sulongsikoloheasta r xtjc q,1
long im gonna use time finally apply college,1
love tip really care back online era always made sure rest period hence every,1
finally xrvb fxuih,1
happy weekend commstwt take quick acads rest make sure enjoy weekends keep safe everyone accepting commission ph studytwt module essay poster graphic design editing commissioner open commissions lf commer lf clients jxiedsby,1
schema lamp post well deserved rest every one us let stress system shake worries away enjoy peace mind self care cherish time loved ones stay safe unwind technocommercians qliltpuebz,1
deadlines finally get enjoy,1
ends want say thank officers ccst council society club successful event deserve good rest memories come enjoy long weekend always keep safe god bless,1
finally done book photoshoots im extra tired hey atleast finally rest,1
finally starting tomorrow araw iisipin related acads hahaha,1
lot wisdom thread worked fast food summer tourist restaurant scene bussing tables dishes helped accelerate work ethic helped nerdy shell z dgb yqkh,1
hi kameh miss please take care self keep resting xd,1
finally univ time catch cws ongoing dramas guys watching right,1
finally,1
salamat,1
omg kau magiging active ulit starting tom aaa since finally,1
mwf team working tirelessly affected areas restore lives activities children educate someone help poverty cycle emgfggtat mwf minhajreliefcamps k avneqmzm,1
mwf team working tirelessly affected areas restore lives activities children educate someone help poverty cycle rt gwayza mwf minhajreliefcamps dk iskdd,1
mwf team working tirelessly affected areas restore lives activities children educate someone help poverty cycle gdxtfo kpy mwf minhajreliefcamps kbftvdrpzi,1
buti midterm exams,1
ohh minamahal udm salamatt kamee,1
let us rest alsci desperate,1
yess finally sleep peacefully throughout,1
finally finally finally announce hahhaahhahahah,1
finally,1
mid term means time kids get rest weeks activities put together list fun activities keep kids excited period see passnownow midtermbreak fun parenting kid smile aiemnnqkjl,1
finally next ilang weeks sabog puro thesis werk,1
guys deserve yeah lemme rest whole ass,1
yey namo thursday,1
gt lt,1
kingina respite actually finally truly done tour reqs reading makakapahinga narrator know rest would prove short largely due upcoming debate competition days,1
hope new returning fantastic first term restful half term look forward welcoming back campus monday october term dates available j zr zlhqg irgkwk c,1
relaxed cause im finally wbu,1
morningg hibernating long time finally got covid ehe still want stream maybe weekend even health wifi still wishing awesome weekend ps emojis,1
half term great start wish everyone restful autumn term resumes monday th november uc ceabxh sgsinspires halfterm autumnhalfterm rbrx eatu,1
finally,1
like first writing years finally done submitted time mini one fav locations strathedu strath strathpgde studentlife maturestudent hoxmyykb,1
finally,1
today sy,1
finally klase ayoko magaral eme,1
latin honors lage tanan gae ato shars congratsss graduating yeee,1
taena finally univ,1
ligtasbalikeskwela philippine government finally allowed educational institutions gradually reopen limited face face classes umlnyuf tz,1
finally pong magaganap,1
omg next savedddd math research thank god,1
finally putangina,1
yay finally,1
finally get dream design research questions want ask incredibly excited paralyzed time phdlife phdvoice research,1
withhighhonor congratulations fellow graduates puro rants comply hahahahahahaha vlscksjivq,1
congrats sating yes honors,1
days covid finally feel healthy enough back working manuscripts tips starting productive work regret time lost academictwitter,1
nagrereklamo ayaw pumasok honors ate thank lord thank google brainly klasmeyt jybwirf xc,1
moving recognition ceremony congrats completers,1
